Entity,Code,Year,Buddhists,Hindus,Muslims,Jews,Christians,No religion,Other religions
Afghanistan,AFG,2010,< 10000,< 10000,28210000,< 10000,30000,< 10000,30000
Afghanistan,AFG,2020,< 10000,< 10000,39020000,< 10000,< 10000,< 10000,40000
Africa,OWID_AFR,2010,8,134,48085,9,53658,2712,2615
Africa,OWID_AFR,2020,10,147,61814,6,70314,3007,2784
Albania,ALB,2010,< 10000,< 10000,2050000,< 10000,590000,280000,< 10000
Albania,ALB,2020,< 10000,< 10000,2140000,< 10000,510000,220000,< 10000
Algeria,DZA,2010,< 10000,< 10000,35670000,< 10000,110000,390000,10000
Algeria,DZA,2020,< 10000,< 10000,43330000,< 10000,130000,560000,20000
Angola,AGO,2010,< 10000,< 10000,40000,< 10000,21330000,1040000,880000
Angola,AGO,2020,< 10000,< 10000,90000,< 10000,31120000,2050000,190000
Argentina,ARG,2010,10000,< 10000,410000,180000,36360000,4020000,300000
Argentina,ARG,2020,10000,< 10000,420000,170000,39970000,4170000,440000
Armenia,ARM,2010,< 10000,< 10000,< 10000,< 10000,2860000,40000,40000
Armenia,ARM,2020,< 10000,< 10000,< 10000,< 10000,2810000,30000,40000
Aruba,ABW,2010,< 10000,< 10000,< 10000,< 10000,80000,< 10000,10000
Aruba,ABW,2020,< 10000,< 10000,< 10000,< 10000,90000,< 10000,10000
Asia,OWID_ASI,2010,33567,104488,115052,583,23597,135635,10948
Asia,OWID_ASI,2020,31543,116880,135131,686,25190,148004,11248
Asia-Pacific (Pew),PEW_APA,2010,336320000,1043560000,1022290000,180000,253420000,1363120000,109360000
Asia-Pacific (Pew),PEW_APA,2020,316110000,1166710000,1187660000,190000,268840000,1492750000,112540000
Australia,AUS,2010,600000,320000,550000,110000,14860000,5500000,190000
Australia,AUS,2020,670000,760000,900000,110000,12040000,10900000,360000
Austria,AUT,2010,20000,< 10000,450000,10000,6730000,1130000,20000
Austria,AUT,2020,30000,10000,740000,< 10000,6080000,2000000,60000
Azerbaijan,AZE,2010,< 10000,< 10000,8880000,10000,150000,100000,< 10000
Azerbaijan,AZE,2020,< 10000,< 10000,9640000,< 10000,40000,480000,< 10000
Bahamas,BHS,2010,< 10000,< 10000,< 10000,< 10000,360000,< 10000,< 10000
Bahamas,BHS,2020,< 10000,< 10000,< 10000,< 10000,390000,< 10000,< 10000
Bahrain,BHR,2010,< 10000,160000,850000,< 10000,190000,< 10000,< 10000
Bahrain,BHR,2020,< 10000,170000,1100000,< 10000,200000,< 10000,< 10000
Bangladesh,BGD,2010,950000,13030000,137550000,< 10000,460000,< 10000,210000
Bangladesh,BGD,2020,1010000,13140000,151440000,< 10000,500000,< 10000,200000
Barbados,BRB,2010,< 10000,< 10000,< 10000,< 10000,210000,60000,< 10000
Barbados,BRB,2020,< 10000,< 10000,< 10000,< 10000,220000,60000,< 10000
Belarus,BLR,2010,< 10000,< 10000,20000,10000,8910000,470000,70000
Belarus,BLR,2020,< 10000,< 10000,20000,< 10000,7960000,1290000,70000
Belgium,BEL,2010,20000,10000,560000,30000,6680000,3500000,130000
Belgium,BEL,2020,20000,30000,790000,30000,5880000,4500000,300000
Belize,BLZ,2010,< 10000,< 10000,< 10000,< 10000,240000,50000,30000
Belize,BLZ,2020,< 10000,< 10000,< 10000,< 10000,290000,60000,40000
Benin,BEN,2010,< 10000,< 10000,2300000,< 10000,5710000,430000,1350000
Benin,BEN,2020,< 10000,< 10000,4100000,< 10000,6960000,640000,1370000
Bhutan,BTN,2010,520000,160000,< 10000,< 10000,< 10000,< 10000,10000
Bhutan,BTN,2020,580000,170000,< 10000,< 10000,< 10000,< 10000,10000
Bolivia,BOL,2010,< 10000,< 10000,< 10000,< 10000,9750000,410000,20000
Bolivia,BOL,2020,< 10000,< 10000,< 10000,< 10000,10510000,1130000,180000
Bosnia and Herzegovina,BIH,2010,< 10000,< 10000,1950000,< 10000,1770000,40000,40000
Bosnia and Herzegovina,BIH,2020,< 10000,< 10000,1770000,< 10000,1470000,30000,20000
Botswana,BWA,2010,< 10000,< 10000,10000,< 10000,1640000,300000,80000
Botswana,BWA,2020,< 10000,< 10000,< 10000,< 10000,1950000,350000,50000
Brazil,BRA,2010,250000,< 10000,40000,110000,172700000,15720000,4890000
Brazil,BRA,2020,220000,< 10000,40000,90000,168300000,28110000,11910000
Brunei,BRN,2010,30000,< 10000,310000,< 10000,30000,< 10000,10000
Brunei,BRN,2020,30000,< 10000,370000,< 10000,30000,< 10000,20000
Bulgaria,BGR,2010,< 10000,< 10000,740000,< 10000,6050000,630000,10000
Bulgaria,BGR,2020,< 10000,< 10000,710000,< 10000,5510000,700000,< 10000
Burkina Faso,BFA,2010,< 10000,< 10000,10410000,< 10000,4300000,100000,1370000
Burkina Faso,BFA,2020,< 10000,< 10000,14480000,< 10000,6010000,120000,860000
Burundi,BDI,2010,< 10000,< 10000,190000,< 10000,8950000,170000,60000
Burundi,BDI,2020,< 10000,< 10000,380000,< 10000,11980000,160000,100000
Cambodia,KHM,2010,14060000,< 10000,280000,< 10000,50000,10000,100000
Cambodia,KHM,2020,16240000,< 10000,340000,< 10000,50000,10000,80000
Cameroon,CMR,2010,< 10000,< 10000,4190000,< 10000,14100000,600000,770000
Cameroon,CMR,2020,< 10000,< 10000,6590000,< 10000,18300000,550000,760000
Canada,CAN,2010,380000,540000,1110000,340000,23000000,8160000,670000
Canada,CAN,2020,660000,580000,1870000,350000,20350000,13220000,1140000
Cape Verde,CPV,2010,< 10000,< 10000,< 10000,< 10000,440000,70000,< 10000
Cape Verde,CPV,2020,< 10000,< 10000,< 10000,< 10000,400000,110000,< 10000
Central African Republic,CAF,2010,< 10000,< 10000,380000,< 10000,4030000,40000,40000
Central African Republic,CAF,2020,< 10000,< 10000,310000,< 10000,4560000,20000,130000
Chad,TCD,2010,< 10000,< 10000,7050000,< 10000,4870000,330000,60000
Chad,TCD,2020,< 10000,< 10000,9710000,< 10000,6700000,540000,270000
Channel Islands,OWID_CIS,2010,< 10000,< 10000,< 10000,< 10000,140000,20000,< 10000
Channel Islands,OWID_CIS,2020,< 10000,< 10000,< 10000,< 10000,140000,20000,< 10000
Chile,CHL,2010,< 10000,< 10000,< 10000,30000,14780000,2330000,30000
Chile,CHL,2020,< 10000,< 10000,10000,20000,13240000,5860000,240000
China,CHN,2010,76100000,20000,20730000,< 10000,31200000,1181560000,41950000
China,CHN,2020,53380000,30000,25980000,< 10000,25450000,1278120000,43140000
Colombia,COL,2010,< 10000,< 10000,< 10000,< 10000,41380000,3240000,140000
Colombia,COL,2020,< 10000,< 10000,< 10000,< 10000,43670000,5030000,1920000
Comoros,COM,2010,< 10000,< 10000,650000,< 10000,< 10000,< 10000,< 10000
Comoros,COM,2020,< 10000,< 10000,790000,< 10000,< 10000,< 10000,< 10000
Congo,COG,2010,< 10000,< 10000,70000,< 10000,4100000,250000,50000
Congo,COG,2020,< 10000,< 10000,80000,< 10000,5310000,300000,60000
Costa Rica,CRI,2010,< 10000,< 10000,< 10000,< 10000,4160000,340000,50000
Costa Rica,CRI,2020,< 10000,< 10000,< 10000,< 10000,4420000,510000,100000
Cote d'Ivoire,CIV,2010,< 10000,< 10000,9830000,< 10000,9170000,2250000,1230000
Cote d'Ivoire,CIV,2020,< 10000,< 10000,13390000,< 10000,12990000,1610000,930000
Croatia,HRV,2010,< 10000,< 10000,70000,< 10000,4030000,200000,< 10000
Croatia,HRV,2020,< 10000,< 10000,50000,< 10000,3590000,260000,40000
Cuba,CUB,2010,< 10000,20000,< 10000,< 10000,6640000,2660000,1960000
Cuba,CUB,2020,< 10000,20000,< 10000,< 10000,6780000,2410000,1940000
Curacao,CUW,2010,< 10000,< 10000,< 10000,< 10000,140000,< 10000,< 10000
Curacao,CUW,2020,< 10000,< 10000,< 10000,< 10000,170000,10000,< 10000
Cyprus,CYP,2010,< 10000,< 10000,300000,< 10000,740000,70000,< 10000
Cyprus,CYP,2020,< 10000,< 10000,320000,< 10000,880000,90000,< 10000
Czechia,CZE,2010,10000,< 10000,20000,< 10000,3140000,7170000,110000
Czechia,CZE,2020,< 10000,< 10000,30000,< 10000,2790000,7680000,40000
Democratic Republic of Congo,COD,2010,< 10000,< 10000,830000,< 10000,66160000,970000,600000
Democratic Republic of Congo,COD,2020,< 10000,< 10000,1220000,< 10000,92400000,1130000,1240000
Denmark,DNK,2010,30000,20000,180000,< 10000,4450000,800000,70000
Denmark,DNK,2020,40000,30000,250000,< 10000,4480000,970000,60000
Djibouti,DJI,2010,< 10000,< 10000,910000,< 10000,10000,10000,< 10000
Djibouti,DJI,2020,< 10000,< 10000,1080000,< 10000,10000,10000,< 10000
Dominican Republic,DOM,2010,< 10000,< 10000,< 10000,< 10000,8340000,1470000,< 10000
Dominican Republic,DOM,2020,< 10000,< 10000,< 10000,< 10000,8550000,2160000,300000
East Timor,TLS,2010,< 10000,< 10000,< 10000,< 10000,1080000,< 10000,< 10000
East Timor,TLS,2020,< 10000,< 10000,< 10000,< 10000,1320000,< 10000,< 10000
Ecuador,ECU,2010,< 10000,< 10000,< 10000,< 10000,14410000,640000,20000
Ecuador,ECU,2020,< 10000,< 10000,< 10000,< 10000,15530000,1470000,530000
Egypt,EGY,2010,< 10000,< 10000,84650000,< 10000,4540000,< 10000,< 10000
Egypt,EGY,2020,< 10000,< 10000,104040000,< 10000,5270000,< 10000,< 10000
El Salvador,SLV,2010,< 10000,< 10000,< 10000,< 10000,5360000,710000,< 10000
El Salvador,SLV,2020,< 10000,< 10000,< 10000,< 10000,5430000,740000,60000
Equatorial Guinea,GNQ,2010,< 10000,< 10000,50000,< 10000,1050000,60000,30000
Equatorial Guinea,GNQ,2020,< 10000,< 10000,70000,< 10000,1520000,90000,40000
Eritrea,ERI,2010,< 10000,< 10000,1510000,< 10000,1390000,30000,20000
Eritrea,ERI,2020,< 10000,< 10000,1700000,< 10000,1540000,30000,20000
Estonia,EST,2010,< 10000,< 10000,< 10000,< 10000,810000,420000,90000
Estonia,EST,2020,< 10000,< 10000,< 10000,< 10000,700000,580000,40000
Eswatini,SWZ,2010,< 10000,< 10000,< 10000,< 10000,1040000,40000,30000
Eswatini,SWZ,2020,< 10000,< 10000,< 10000,< 10000,1110000,70000,< 10000
Ethiopia,ETH,2010,< 10000,< 10000,31500000,< 10000,56640000,60000,2340000
Ethiopia,ETH,2020,< 10000,< 10000,43100000,< 10000,73230000,70000,2510000
Europe,OWID_EUR,2010,202,166,3916,139,55078,13877,499
Europe,OWID_EUR,2020,255,216,4543,128,50253,19035,601
Europe (Pew),PEW_EUR,2010,2010000,1650000,39280000,1390000,553630000,138740000,5000000
Europe (Pew),PEW_EUR,2020,2540000,2150000,45510000,1280000,505140000,190320000,6020000
Fiji,FJI,2010,< 10000,250000,60000,< 10000,600000,< 10000,< 10000
Fiji,FJI,2020,< 10000,220000,50000,< 10000,640000,< 10000,< 10000
Finland,FIN,2010,< 10000,< 10000,40000,< 10000,4390000,890000,30000
Finland,FIN,2020,20000,< 10000,90000,< 10000,4000000,1390000,30000
France,FRA,2010,330000,60000,4200000,490000,36210000,21870000,260000
France,FRA,2020,470000,80000,6000000,460000,30620000,28110000,170000
French Guiana,GUF,2010,< 10000,< 10000,< 10000,< 10000,200000,< 10000,20000
French Guiana,GUF,2020,< 10000,< 10000,< 10000,< 10000,240000,< 10000,30000
French Polynesia,PYF,2010,< 10000,< 10000,< 10000,< 10000,250000,10000,< 10000
French Polynesia,PYF,2020,< 10000,< 10000,< 10000,< 10000,260000,10000,< 10000
Gabon,GAB,2010,< 10000,< 10000,90000,< 10000,1480000,130000,10000
Gabon,GAB,2020,< 10000,< 10000,200000,< 10000,1940000,130000,40000
Gambia,GMB,2010,< 10000,< 10000,1850000,< 10000,70000,< 10000,< 10000
Gambia,GMB,2020,< 10000,< 10000,2440000,< 10000,70000,< 10000,< 10000
Georgia,GEO,2010,< 10000,< 10000,420000,< 10000,3450000,20000,< 10000
Georgia,GEO,2020,< 10000,< 10000,400000,< 10000,3350000,40000,10000
Germany,DEU,2010,260000,100000,4160000,120000,50300000,25720000,180000
Germany,DEU,2020,290000,130000,5480000,120000,47030000,30230000,360000
Ghana,GHA,2010,< 10000,< 10000,4500000,< 10000,18110000,1340000,1520000
Ghana,GHA,2020,< 10000,< 10000,6340000,< 10000,22730000,340000,2480000
Greece,GRC,2010,< 10000,< 10000,500000,< 10000,10150000,410000,50000
Greece,GRC,2020,< 10000,< 10000,550000,< 10000,9570000,510000,50000
Grenada,GRD,2010,< 10000,< 10000,< 10000,< 10000,100000,< 10000,< 10000
Grenada,GRD,2020,< 10000,< 10000,< 10000,< 10000,100000,< 10000,< 10000
Guadeloupe,GLP,2010,< 10000,< 10000,< 10000,< 10000,390000,10000,< 10000
Guadeloupe,GLP,2020,< 10000,< 10000,< 10000,< 10000,390000,10000,< 10000
Guam,GUM,2010,< 10000,< 10000,< 10000,< 10000,160000,< 10000,< 10000
Guam,GUM,2020,< 10000,< 10000,< 10000,< 10000,150000,< 10000,< 10000
Guatemala,GTM,2010,< 10000,< 10000,< 10000,< 10000,13480000,880000,130000
Guatemala,GTM,2020,< 10000,< 10000,< 10000,< 10000,15960000,1050000,350000
Guinea,GIN,2010,< 10000,< 10000,9140000,< 10000,880000,350000,20000
Guinea,GIN,2020,10000,< 10000,11610000,< 10000,1570000,180000,10000
Guinea-Bissau,GNB,2010,< 10000,< 10000,840000,< 10000,410000,40000,280000
Guinea-Bissau,GNB,2020,< 10000,< 10000,1130000,< 10000,440000,230000,220000
Guyana,GUY,2010,< 10000,190000,50000,< 10000,480000,20000,< 10000
Guyana,GUY,2020,< 10000,190000,50000,< 10000,530000,20000,10000
Haiti,HTI,2010,< 10000,< 10000,< 10000,< 10000,8930000,750000,130000
Haiti,HTI,2020,< 10000,< 10000,< 10000,< 10000,9980000,1060000,210000
Honduras,HND,2010,10000,< 10000,< 10000,< 10000,7540000,800000,20000
Honduras,HND,2020,< 10000,< 10000,< 10000,< 10000,8950000,990000,180000
Hong Kong,HKG,2010,840000,< 10000,< 10000,< 10000,1320000,4840000,80000
Hong Kong,HKG,2020,630000,20000,20000,< 10000,1400000,5340000,70000
Hungary,HUN,2010,10000,< 10000,< 10000,20000,7240000,2490000,210000
Hungary,HUN,2020,20000,< 10000,10000,10000,7060000,2630000,10000
Iceland,ISL,2010,< 10000,< 10000,< 10000,< 10000,260000,50000,< 10000
Iceland,ISL,2020,< 10000,< 10000,< 10000,< 10000,270000,70000,< 10000
India,IND,2010,8690000,994460000,177380000,< 10000,28720000,30000,34190000
India,IND,2020,9550000,1113200000,213060000,< 10000,31060000,50000,35700000
Indonesia,IDN,2010,1780000,4170000,215600000,< 10000,24330000,240000,190000
Indonesia,IDN,2020,1860000,4350000,238990000,< 10000,28200000,250000,1150000
Iran,IRN,2010,< 10000,< 10000,77210000,< 10000,120000,< 10000,80000
Iran,IRN,2020,< 10000,< 10000,87520000,< 10000,130000,< 10000,70000
Iraq,IRQ,2010,< 10000,< 10000,30810000,< 10000,200000,< 10000,40000
Iraq,IRQ,2020,< 10000,< 10000,41910000,< 10000,160000,< 10000,50000
Ireland,IRL,2010,< 10000,10000,50000,< 10000,4190000,280000,20000
Ireland,IRL,2020,< 10000,30000,80000,< 10000,4050000,780000,30000
Israel,ISR,2010,< 10000,10000,1020000,5760000,140000,260000,140000
Israel,ISR,2020,< 10000,10000,1300000,6780000,170000,380000,150000
Italy,ITA,2010,250000,180000,2060000,50000,53240000,4050000,330000
Italy,ITA,2020,370000,260000,2650000,40000,48210000,7950000,430000
Jamaica,JAM,2010,< 10000,< 10000,< 10000,< 10000,1940000,600000,210000
Jamaica,JAM,2020,< 10000,< 10000,< 10000,< 10000,1940000,670000,210000
Japan,JPN,2010,53580000,30000,200000,< 10000,2830000,66890000,4650000
Japan,JPN,2020,46990000,40000,210000,< 10000,2840000,72570000,3640000
Jordan,JOR,2010,< 10000,< 10000,7040000,< 10000,240000,< 10000,< 10000
Jordan,JOR,2020,< 10000,< 10000,10550000,< 10000,310000,< 10000,< 10000
Kazakhstan,KAZ,2010,20000,< 10000,11730000,< 10000,4600000,480000,< 10000
Kazakhstan,KAZ,2020,20000,< 10000,15180000,< 10000,3760000,490000,30000
Kenya,KEN,2010,< 10000,60000,4670000,< 10000,34580000,1000000,1290000
Kenya,KEN,2020,< 10000,70000,5710000,< 10000,44730000,840000,870000
Kiribati,KIR,2010,< 10000,< 10000,< 10000,< 10000,110000,< 10000,< 10000
Kiribati,KIR,2020,< 10000,< 10000,< 10000,< 10000,120000,< 10000,< 10000
Kosovo,OWID_KOS,2010,< 10000,< 10000,1680000,< 10000,110000,< 10000,< 10000
Kosovo,OWID_KOS,2020,< 10000,< 10000,1650000,< 10000,100000,< 10000,< 10000
Kuwait,KWT,2010,< 10000,220000,2430000,< 10000,280000,< 10000,< 10000
Kuwait,KWT,2020,< 10000,370000,3530000,< 10000,460000,10000,20000
Kyrgyzstan,KGZ,2010,< 10000,< 10000,4970000,< 10000,420000,90000,< 10000
Kyrgyzstan,KGZ,2020,< 10000,< 10000,6110000,< 10000,380000,80000,90000
Laos,LAO,2010,4050000,< 10000,< 10000,< 10000,40000,< 10000,2230000
Laos,LAO,2020,4710000,< 10000,< 10000,< 10000,110000,< 10000,2510000
Latin America-Caribbean (Pew),PEW_LAC,2010,340000,660000,710000,450000,530230000,46140000,9950000
Latin America-Caribbean (Pew),PEW_LAC,2020,330000,700000,750000,390000,546920000,77150000,20000000
Latvia,LVA,2010,< 10000,< 10000,10000,< 10000,1740000,230000,110000
Latvia,LVA,2020,< 10000,< 10000,10000,< 10000,1470000,320000,90000
Lebanon,LBN,2010,< 10000,< 10000,3140000,< 10000,1710000,< 10000,190000
Lebanon,LBN,2020,< 10000,< 10000,3870000,< 10000,1590000,< 10000,240000
Lesotho,LSO,2010,< 10000,< 10000,< 10000,< 10000,1940000,30000,20000
Lesotho,LSO,2020,< 10000,< 10000,< 10000,< 10000,2180000,40000,20000
Liberia,LBR,2010,< 10000,< 10000,490000,< 10000,3480000,60000,30000
Liberia,LBR,2020,< 10000,< 10000,660000,< 10000,4390000,50000,50000
Libya,LBY,2010,20000,< 10000,6290000,< 10000,170000,< 10000,< 10000
Libya,LBY,2020,20000,< 10000,6970000,< 10000,40000,< 10000,< 10000
Lithuania,LTU,2010,< 10000,< 10000,< 10000,< 10000,2860000,210000,20000
Lithuania,LTU,2020,< 10000,< 10000,< 10000,< 10000,2580000,200000,20000
Luxembourg,LUX,2010,< 10000,< 10000,< 10000,< 10000,380000,100000,20000
Luxembourg,LUX,2020,< 10000,< 10000,10000,< 10000,420000,160000,40000
Macao,MAC,2010,110000,< 10000,< 10000,< 10000,60000,380000,10000
Macao,MAC,2020,130000,< 10000,< 10000,< 10000,70000,460000,20000
Madagascar,MDG,2010,< 10000,10000,140000,< 10000,15520000,4980000,1520000
Madagascar,MDG,2020,< 10000,20000,340000,< 10000,21490000,6460000,650000
Malawi,MWI,2010,< 10000,< 10000,1720000,< 10000,12890000,140000,60000
Malawi,MWI,2020,< 10000,10000,2260000,< 10000,17070000,180000,10000
Malaysia,MYS,2010,5680000,1800000,17570000,< 10000,2650000,480000,480000
Malaysia,MYS,2020,6400000,2070000,21730000,< 10000,3100000,290000,300000
Maldives,MDV,2010,< 10000,< 10000,340000,< 10000,< 10000,< 10000,< 10000
Maldives,MDV,2020,< 10000,10000,470000,< 10000,< 10000,< 10000,< 10000
Mali,MLI,2010,< 10000,< 10000,14990000,< 10000,550000,220000,180000
Mali,MLI,2020,< 10000,< 10000,20440000,< 10000,560000,550000,170000
Malta,MLT,2010,< 10000,< 10000,< 10000,< 10000,410000,10000,< 10000
Malta,MLT,2020,< 10000,< 10000,20000,< 10000,460000,30000,< 10000
Martinique,MTQ,2010,< 10000,< 10000,< 10000,< 10000,380000,< 10000,< 10000
Martinique,MTQ,2020,< 10000,< 10000,< 10000,< 10000,340000,< 10000,< 10000
Mauritania,MRT,2010,< 10000,< 10000,3360000,< 10000,< 10000,< 10000,20000
Mauritania,MRT,2020,< 10000,< 10000,4560000,< 10000,10000,< 10000,20000
Mauritius,MUS,2010,< 10000,620000,220000,< 10000,420000,< 10000,< 10000
Mauritius,MUS,2020,< 10000,620000,220000,< 10000,420000,< 10000,< 10000
Mayotte,MYT,2010,< 10000,< 10000,200000,< 10000,< 10000,< 10000,< 10000
Mayotte,MYT,2020,< 10000,< 10000,280000,< 10000,< 10000,< 10000,< 10000
Mexico,MEX,2010,10000,< 10000,< 10000,70000,107960000,5490000,80000
Mexico,MEX,2020,20000,< 10000,< 10000,60000,113070000,13480000,150000
Micronesia (country),FSM,2010,< 10000,< 10000,< 10000,< 10000,110000,< 10000,< 10000
Micronesia (country),FSM,2020,< 10000,< 10000,< 10000,< 10000,110000,< 10000,< 10000
Middle East-North Africa (Pew),PEW_MENA,2010,60000,1990000,334180000,5770000,11800000,1320000,510000
Middle East-North Africa (Pew),PEW_MENA,2020,90000,3220000,414110000,6790000,12920000,1860000,700000
Moldova,MDA,2010,< 10000,< 10000,< 10000,< 10000,3550000,50000,20000
Moldova,MDA,2020,< 10000,< 10000,< 10000,< 10000,3050000,< 10000,< 10000
Mongolia,MNG,2010,1460000,< 10000,90000,< 10000,60000,1010000,90000
Mongolia,MNG,2020,1680000,< 10000,120000,< 10000,40000,1340000,100000
Montenegro,MNE,2010,< 10000,< 10000,120000,< 10000,490000,< 10000,< 10000
Montenegro,MNE,2020,< 10000,< 10000,130000,< 10000,460000,< 10000,< 10000
Morocco,MAR,2010,< 10000,< 10000,32360000,< 10000,30000,40000,30000
Morocco,MAR,2020,< 10000,< 10000,36470000,< 10000,30000,50000,40000
Mozambique,MOZ,2010,< 10000,< 10000,4140000,< 10000,12960000,4360000,1540000
Mozambique,MOZ,2020,< 10000,< 10000,5980000,< 10000,18880000,4400000,1510000
Myanmar,MMR,2010,42960000,280000,2240000,< 10000,3040000,30000,470000
Myanmar,MMR,2020,47210000,230000,1770000,< 10000,3250000,30000,510000
Namibia,NAM,2010,< 10000,< 10000,< 10000,< 10000,2030000,< 10000,70000
Namibia,NAM,2020,< 10000,< 10000,< 10000,< 10000,2470000,150000,100000
Nepal,NPL,2010,2470000,22290000,1200000,< 10000,380000,< 10000,990000
Nepal,NPL,2020,2380000,23520000,1470000,< 10000,510000,< 10000,1090000
Netherlands,NLD,2010,40000,80000,840000,30000,7170000,7640000,980000
Netherlands,NLD,2020,50000,100000,970000,30000,6190000,9540000,750000
New Caledonia,NCL,2010,< 10000,< 10000,< 10000,< 10000,220000,30000,< 10000
New Caledonia,NCL,2020,< 10000,< 10000,< 10000,< 10000,240000,30000,< 10000
New Zealand,NZL,2010,70000,100000,50000,< 10000,2140000,1920000,70000
New Zealand,NZL,2020,60000,140000,70000,< 10000,2040000,2600000,150000
Nicaragua,NIC,2010,< 10000,< 10000,< 10000,< 10000,4990000,720000,30000
Nicaragua,NIC,2020,< 10000,< 10000,< 10000,< 10000,5570000,870000,120000
Niger,NER,2010,< 10000,< 10000,16310000,< 10000,180000,40000,10000
Niger,NER,2020,< 10000,< 10000,23270000,< 10000,130000,290000,20000
Nigeria,NGA,2010,< 10000,< 10000,90890000,< 10000,73980000,710000,1060000
Nigeria,NGA,2020,< 10000,< 10000,119980000,< 10000,92770000,810000,430000
North America,OWID_NAM,2010,402,267,399,614,44573,7457,592
North America,OWID_NAM,2020,510,397,603,617,42846,13891,900
North America (Pew),PEW_NAM,2010,3960000,2330000,3880000,6050000,266490000,59340000,3200000
North America (Pew),PEW_NAM,2020,5050000,3620000,5910000,6090000,237630000,114130000,5180000
North Korea,PRK,2010,380000,< 10000,< 10000,< 10000,100000,18200000,6300000
North Korea,PRK,2020,400000,< 10000,< 10000,< 10000,100000,19040000,6590000
North Macedonia,MKD,2010,< 10000,< 10000,680000,< 10000,1340000,30000,< 10000
North Macedonia,MKD,2020,< 10000,< 10000,650000,< 10000,1210000,< 10000,< 10000
Norway,NOR,2010,30000,< 10000,120000,< 10000,3850000,720000,160000
Norway,NOR,2020,40000,10000,220000,< 10000,3840000,1210000,50000
Oceania,OWID_OCE,2010,68,67,67,12,2704,750,34
Oceania,OWID_OCE,2020,74,113,104,11,2660,1359,66
Oman,OMN,2010,< 10000,140000,2490000,< 10000,120000,< 10000,< 10000
Oman,OMN,2020,< 10000,430000,3700000,< 10000,370000,< 10000,20000
Pakistan,PAK,2010,20000,3510000,192640000,< 10000,2960000,30000,90000
Pakistan,PAK,2020,20000,5030000,226880000,< 10000,2990000,30000,50000
Palestine,PSE,2010,< 10000,< 10000,3970000,< 10000,50000,< 10000,< 10000
Palestine,PSE,2020,< 10000,< 10000,5020000,< 10000,50000,< 10000,< 10000
Panama,PAN,2010,< 10000,< 10000,< 10000,< 10000,3380000,220000,10000
Panama,PAN,2020,< 10000,< 10000,< 10000,< 10000,3910000,270000,90000
Papua New Guinea,PNG,2010,< 10000,< 10000,< 10000,< 10000,7600000,30000,< 10000
Papua New Guinea,PNG,2020,< 10000,< 10000,< 10000,< 10000,9730000,30000,50000
Paraguay,PRY,2010,< 10000,< 10000,< 10000,< 10000,5550000,30000,150000
Paraguay,PRY,2020,< 10000,< 10000,< 10000,< 10000,6180000,280000,140000
Peru,PER,2010,< 10000,< 10000,< 10000,< 10000,27320000,820000,940000
Peru,PER,2020,10000,< 10000,< 10000,< 10000,31030000,1680000,110000
Philippines,PHL,2010,40000,< 10000,5370000,< 10000,88410000,70000,2450000
Philippines,PHL,2020,40000,< 10000,7240000,< 10000,102510000,50000,2240000
Poland,POL,2010,< 10000,< 10000,< 10000,< 10000,37050000,1010000,20000
Poland,POL,2020,< 10000,< 10000,< 10000,< 10000,34810000,3300000,50000
Portugal,PRT,2010,20000,20000,30000,< 10000,9710000,760000,40000
Portugal,PRT,2020,20000,20000,40000,< 10000,8820000,1430000,30000
Puerto Rico,PRI,2010,< 10000,< 10000,< 10000,< 10000,3300000,380000,< 10000
Puerto Rico,PRI,2020,< 10000,< 10000,< 10000,< 10000,2910000,340000,< 10000
Qatar,QAT,2010,< 10000,190000,1280000,< 10000,230000,< 10000,< 10000
Qatar,QAT,2020,< 10000,300000,2130000,< 10000,350000,< 10000,10000
Reunion,REU,2010,< 10000,40000,40000,< 10000,740000,20000,10000
Reunion,REU,2020,< 10000,40000,40000,< 10000,750000,20000,10000
Romania,ROU,2010,< 10000,< 10000,70000,< 10000,20280000,40000,30000
Romania,ROU,2020,< 10000,< 10000,70000,< 10000,19110000,180000,10000
Russia,RUS,2010,520000,100000,12410000,200000,110960000,18760000,980000
Russia,RUS,2020,520000,100000,11990000,120000,102350000,29560000,1720000
Rwanda,RWA,2010,< 10000,< 10000,140000,< 10000,9990000,90000,90000
Rwanda,RWA,2020,< 10000,< 10000,240000,< 10000,12680000,130000,20000
Saint Lucia,LCA,2010,< 10000,< 10000,< 10000,< 10000,160000,10000,< 10000
Saint Lucia,LCA,2020,< 10000,< 10000,< 10000,< 10000,160000,10000,< 10000
Saint Vincent and the Grenadines,VCT,2010,< 10000,< 10000,< 10000,< 10000,90000,< 10000,< 10000
Saint Vincent and the Grenadines,VCT,2020,< 10000,< 10000,< 10000,< 10000,90000,< 10000,< 10000
Samoa,WSM,2010,< 10000,< 10000,< 10000,< 10000,190000,< 10000,< 10000
Samoa,WSM,2020,< 10000,< 10000,< 10000,< 10000,210000,< 10000,< 10000
Sao Tome and Principe,STP,2010,< 10000,< 10000,< 10000,< 10000,150000,20000,< 10000
Sao Tome and Principe,STP,2020,< 10000,< 10000,< 10000,< 10000,180000,20000,10000
Saudi Arabia,SAU,2010,10000,500000,23750000,< 10000,840000,20000,20000
Saudi Arabia,SAU,2020,20000,810000,28730000,< 10000,1360000,30000,40000
Senegal,SEN,2010,< 10000,< 10000,12150000,< 10000,430000,< 10000,60000
Senegal,SEN,2020,< 10000,< 10000,16380000,< 10000,400000,< 10000,< 10000
Serbia,SRB,2010,< 10000,< 10000,240000,< 10000,7060000,90000,< 10000
Serbia,SRB,2020,< 10000,< 10000,310000,< 10000,6320000,280000,< 10000
Seychelles,SYC,2010,< 10000,< 10000,< 10000,< 10000,90000,< 10000,< 10000
Seychelles,SYC,2020,< 10000,< 10000,< 10000,< 10000,110000,< 10000,< 10000
Sierra Leone,SLE,2010,< 10000,< 10000,5070000,< 10000,1130000,< 10000,10000
Sierra Leone,SLE,2020,< 10000,< 10000,6340000,< 10000,1570000,< 10000,< 10000
Singapore,SGP,2010,1680000,270000,790000,< 10000,930000,840000,570000
Singapore,SGP,2020,1730000,300000,910000,< 10000,1050000,1120000,510000
Slovakia,SVK,2010,< 10000,< 10000,< 10000,< 10000,4050000,1330000,< 10000
Slovakia,SVK,2020,< 10000,< 10000,< 10000,< 10000,4020000,1380000,40000
Slovenia,SVN,2010,< 10000,< 10000,20000,< 10000,1480000,540000,< 10000
Slovenia,SVN,2020,< 10000,< 10000,30000,< 10000,1380000,680000,10000
Solomon Islands,SLB,2010,< 10000,< 10000,< 10000,< 10000,510000,< 10000,20000
Solomon Islands,SLB,2020,< 10000,< 10000,< 10000,< 10000,710000,< 10000,30000
Somalia,SOM,2010,< 10000,< 10000,12240000,< 10000,< 10000,< 10000,10000
Somalia,SOM,2020,< 10000,< 10000,16620000,< 10000,< 10000,< 10000,10000
South Africa,ZAF,2010,10000,540000,1020000,70000,44140000,3040000,3520000
South Africa,ZAF,2020,20000,640000,970000,40000,51630000,1890000,5360000
South America,OWID_SAM,2010,28,33,60,36,35099,3091,722
South America,OWID_SAM,2020,27,34,64,31,35609,5237,1619
South Korea,KOR,2010,12470000,20000,100000,< 10000,15670000,20160000,350000
South Korea,KOR,2020,9850000,50000,160000,< 10000,16590000,25030000,180000
South Sudan,SSD,2010,< 10000,< 10000,610000,< 10000,5720000,40000,3370000
South Sudan,SSD,2020,< 10000,< 10000,670000,< 10000,6470000,50000,3510000
Spain,ESP,2010,< 10000,20000,990000,10000,36840000,8890000,90000
Spain,ESP,2020,< 10000,60000,1700000,10000,33120000,12570000,210000
Sri Lanka,LKA,2010,14640000,2630000,2020000,< 10000,1590000,< 10000,< 10000
Sri Lanka,LKA,2020,15700000,3280000,2300000,< 10000,1260000,20000,< 10000
Sub-Saharan Africa (Pew),PEW_SSA,2010,60000,1340000,275460000,80000,531650000,26590000,26090000
Sub-Saharan Africa (Pew),PEW_SSA,2020,70000,1460000,368640000,50000,697420000,29140000,27730000
Sudan,SDN,2010,< 10000,< 10000,35310000,< 10000,60000,40000,< 10000
Sudan,SDN,2020,< 10000,< 10000,46250000,< 10000,230000,260000,40000
Suriname,SUR,2010,< 10000,130000,80000,< 10000,280000,40000,20000
Suriname,SUR,2020,< 10000,140000,80000,< 10000,320000,50000,20000
Sweden,SWE,2010,60000,20000,420000,< 10000,6820000,2010000,30000
Sweden,SWE,2020,90000,50000,840000,20000,6290000,2990000,80000
Switzerland,CHE,2010,40000,40000,400000,20000,5740000,1570000,10000
Switzerland,CHE,2020,50000,50000,530000,20000,5320000,2660000,20000
Syria,SYR,2010,< 10000,< 10000,20110000,< 10000,1930000,430000,< 10000
Syria,SYR,2020,< 10000,< 10000,19820000,< 10000,810000,420000,< 10000
Taiwan,TWN,2010,4850000,< 10000,80000,< 10000,1150000,5290000,11860000
Taiwan,TWN,2020,4540000,< 10000,120000,< 10000,1310000,5460000,12230000
Tajikistan,TJK,2010,< 10000,< 10000,7570000,< 10000,80000,< 10000,< 10000
Tajikistan,TJK,2020,< 10000,< 10000,9640000,< 10000,100000,< 10000,< 10000
Tanzania,TZA,2010,< 10000,< 10000,15840000,< 10000,27610000,970000,330000
Tanzania,TZA,2020,< 10000,< 10000,18210000,< 10000,39440000,2120000,1190000
Thailand,THA,2010,64090000,50000,3460000,< 10000,840000,50000,100000
Thailand,THA,2020,67620000,30000,3230000,< 10000,740000,< 10000,< 10000
Togo,TGO,2010,< 10000,< 10000,1090000,< 10000,3930000,510000,1200000
Togo,TGO,2020,< 10000,< 10000,1400000,< 10000,4930000,690000,1640000
Tonga,TON,2010,< 10000,< 10000,< 10000,< 10000,110000,< 10000,< 10000
Tonga,TON,2020,< 10000,< 10000,< 10000,< 10000,100000,< 10000,< 10000
Trinidad and Tobago,TTO,2010,< 10000,290000,80000,< 10000,960000,40000,20000
Trinidad and Tobago,TTO,2020,< 10000,310000,80000,< 10000,1040000,40000,20000
Tunisia,TUN,2010,< 10000,< 10000,10700000,< 10000,20000,40000,< 10000
Tunisia,TUN,2020,< 10000,< 10000,11890000,< 10000,30000,50000,< 10000
Turkey,TUR,2010,30000,20000,72340000,20000,480000,130000,320000
Turkey,TUR,2020,50000,40000,83600000,30000,120000,2180000,90000
Turkmenistan,TKM,2010,< 10000,< 10000,5180000,< 10000,350000,30000,< 10000
Turkmenistan,TKM,2020,< 10000,< 10000,6550000,< 10000,390000,< 10000,< 10000
Uganda,UGA,2010,< 10000,< 10000,3630000,< 10000,28380000,< 10000,370000
Uganda,UGA,2020,< 10000,< 10000,5070000,< 10000,39010000,40000,330000
Ukraine,UKR,2010,50000,< 10000,420000,50000,39700000,6150000,90000
Ukraine,UKR,2020,150000,< 10000,250000,40000,37280000,6770000,190000
United Arab Emirates,ARE,2010,10000,750000,5210000,< 10000,910000,20000,30000
United Arab Emirates,ARE,2020,20000,1110000,6890000,< 10000,1350000,30000,40000
United Kingdom,GBR,2010,280000,930000,3310000,280000,39300000,18140000,760000
United Kingdom,GBR,2020,310000,1140000,4290000,300000,33250000,27090000,980000
United States,USA,2010,3580000,1790000,2770000,5710000,243500000,51180000,2530000
United States,USA,2020,4380000,3040000,4050000,5730000,217270000,100910000,4050000
United States Virgin Islands,VIR,2010,< 10000,< 10000,< 10000,< 10000,100000,< 10000,< 10000
United States Virgin Islands,VIR,2020,< 10000,< 10000,< 10000,< 10000,80000,< 10000,< 10000
Uruguay,URY,2010,< 10000,< 10000,< 10000,20000,2020000,1200000,70000
Uruguay,URY,2020,< 10000,< 10000,< 10000,20000,1510000,1780000,90000
Uzbekistan,UZB,2010,20000,60000,27180000,< 10000,950000,170000,< 10000
Uzbekistan,UZB,2020,< 10000,< 10000,32120000,< 10000,930000,190000,340000
Vanuatu,VUT,2010,< 10000,< 10000,< 10000,< 10000,200000,< 10000,40000
Vanuatu,VUT,2020,< 10000,< 10000,< 10000,< 10000,250000,< 10000,50000
Venezuela,VEN,2010,< 10000,< 10000,10000,10000,25750000,2430000,600000
Venezuela,VEN,2020,< 10000,< 10000,10000,< 10000,25060000,2770000,590000
Vietnam,VNM,2010,24130000,60000,80000,< 10000,7690000,54350000,1160000
Vietnam,VNM,2020,22580000,40000,70000,< 10000,8170000,66370000,850000
Western Sahara,ESH,2010,< 10000,< 10000,410000,< 10000,< 10000,< 10000,< 10000
Western Sahara,ESH,2020,< 10000,< 10000,550000,< 10000,< 10000,< 10000,< 10000
World,OWID_WRL,2010,342750000,1051540000,1675800000,13910000,2147230000,1635250000,154110000
World,OWID_WRL,2020,324190000,1177860000,2022590000,14780000,2268860000,1905360000,172170000
Yemen,YEM,2010,< 10000,< 10000,26700000,< 10000,30000,20000,< 10000
Yemen,YEM,2020,< 10000,< 10000,36090000,< 10000,20000,20000,< 10000
Zambia,ZMB,2010,< 10000,< 10000,70000,< 10000,13640000,10000,240000
Zambia,ZMB,2020,< 10000,< 10000,100000,< 10000,18730000,10000,220000
Zimbabwe,ZWE,2010,< 10000,< 10000,70000,< 10000,11280000,1670000,330000
Zimbabwe,ZWE,2020,< 10000,< 10000,80000,< 10000,13540000,1640000,260000